<?xml version="1.0" encoding="UTF-8"?>
<Configuration status="WARN" monitorInterval="30">
    <Properties>
        <Property name="LOG_PATTERN">
            %d{yyyy-MM-dd HH:mm:ss.SSS} %5p ${hostName}  %-40.40c{1.} - AccountNumber=%X{accountNumber} : %m%n%ex
        </Property>
    </Properties>
    
    
    <Appenders>
    
    	<!--  console log -->
        <Console name="ConsoleAppender" target="SYSTEM_OUT" follow="true">
            <PatternLayout pattern="${LOG_PATTERN}"/>
        </Console>
        
        <!-- Rolling File Appender -->
		<RollingFile name="FileAppender" fileName="C:/softwares/log/ibm-inc-api.log" 
		             filePattern="log/ibm-inc-app-%d{yyyy-MM-dd}-%i.log">
		    <PatternLayout>
		        <Pattern>${LOG_PATTERN}</Pattern>
		    </PatternLayout>
		    <Policies>
		        <SizeBasedTriggeringPolicy size="10MB" />
		    </Policies>
		    <DefaultRolloverStrategy max="10"/>
		</RollingFile>
				
    </Appenders>
    
            	
    <Loggers>
        <Logger name="com.example.ibmincapi" level="debug" additivity="false">
            <AppenderRef ref="ConsoleAppender" />
             <AppenderRef ref="FileAppender"/>
        </Logger>

        <Root level="info">
            <AppenderRef ref="ConsoleAppender" />
             <AppenderRef ref="FileAppender"/>
        </Root>

        
    </Loggers>
</Configuration>